id	clstr	clstr_size	length	clstr_rep	clstr_iden	clstr_cov
16S_rRNA::Bilophila-wadsworthia-ATCC-49260_Node_174:97-1645(+)_V3_V4_375_727_includelonghmm	0	1	353	1	100	100%
16S_rRNA::Acidaminococcus-fermentans-DSM-20731_Node_0:1715389-1716944(-)_V3_V4_381_732_includelonghmm	1	6	352	1	100	100%
16S_rRNA::Acidaminococcus-fermentans-DSM-20731_Node_0:57713-59268(+)_V3_V4_381_732_includelonghmm	1	6	352	0	100.00%	100%
16S_rRNA::Acidaminococcus-fermentans-DSM-20731_Node_0:24678-26233(+)_V3_V4_381_732_includelonghmm	1	6	352	0	100.00%	100%
16S_rRNA::Acidaminococcus-fermentans-DSM-20731_Node_0:2076149-2077704(-)_V3_V4_381_732_includelonghmm	1	6	352	0	100.00%	100%
16S_rRNA::Acidaminococcus-fermentans-DSM-20731_Node_0:380482-382037(+)_V3_V4_381_732_includelonghmm	1	6	352	0	100.00%	100%
16S_rRNA::Acidaminococcus-fermentans-DSM-20731_Node_0:636984-638539(+)_V3_V4_381_732_includelonghmm	1	6	352	0	100.00%	100%
16S_rRNA::Acidaminococcus-sp-D21-MAF-2_Node_0:15412-16967(+)_V3_V4_381_732_includelonghmm	2	3	352	1	100	100%
16S_rRNA::Acidaminococcus-sp-D21-MAF-2_Node_0:289281-290836(+)_V3_V4_381_732_includelonghmm	2	3	352	0	100.00%	100%
16S_rRNA::Acidaminococcus-sp-D21-MAF-2_Node_0:392693-394248(+)_V3_V4_381_732_includelonghmm	2	3	352	0	100.00%	100%
16S_rRNA::Burkholderiales-bacterium-1-1-47_Node_13:4479-6014(-)_V3_V4_371_722_includelonghmm	3	1	352	1	100	100%
16S_rRNA::Granulicatella-adiacens-ATCC-49175-MAF-2_Node_0:545680-547227(+)_V3_V4_377_728_includelonghmm	4	5	352	1	100	100%
16S_rRNA::Granulicatella-adiacens-ATCC-49175-MAF-2_Node_0:1317847-1319394(-)_V3_V4_377_728_includelonghmm	4	5	352	0	100.00%	100%
16S_rRNA::Granulicatella-adiacens-ATCC-49175-MAF-2_Node_0:1618576-1620123(-)_V3_V4_377_728_includelonghmm	4	5	352	0	100.00%	100%
16S_rRNA::Granulicatella-adiacens-ATCC-49175-MAF-2_Node_0:1959231-1960778(-)_V3_V4_377_728_includelonghmm	4	5	352	0	100.00%	100%
16S_rRNA::Granulicatella-adiacens-ATCC-49175-MAF-2_Node_0:124838-126385(+)_V3_V4_377_728_includelonghmm	4	5	352	0	100.00%	100%
16S_rRNA::Lactobacillus-ruminis-ATCC-25644-MAF-2_Node_0:450936-452495(+)_V3_V4_390_741_includelonghmm	5	6	352	1	100	100%
16S_rRNA::Lactobacillus-ruminis-ATCC-25644-MAF-2_Node_0:2059552-2061111(-)_V3_V4_390_741_includelonghmm	5	6	352	0	100.00%	100%
16S_rRNA::Lactobacillus-ruminis-ATCC-25644-MAF-2_Node_0:273702-275261(+)_V3_V4_390_741_includelonghmm	5	6	352	0	100.00%	100%
16S_rRNA::Lactobacillus-ruminis-ATCC-25644-MAF-2_Node_0:394360-395919(+)_V3_V4_390_741_includelonghmm	5	6	352	0	100.00%	100%
16S_rRNA::Lactobacillus-ruminis-ATCC-25644-MAF-2_Node_0:817342-818901(+)_V3_V4_390_741_includelonghmm	5	6	352	0	100.00%	100%
16S_rRNA::Lactobacillus-ruminis-ATCC-25644-MAF-2_Node_0:1600140-1601699(-)_V3_V4_390_741_includelonghmm	5	6	352	0	100.00%	100%
16S_rRNA::Mitsuokella-multacida-DSM-20544-MAF-2_Node_0:581946-583505(+)_V3_V4_387_738_includelonghmm	6	5	352	1	100	100%
16S_rRNA::Mitsuokella-multacida-DSM-20544-MAF-2_Node_0:682536-684095(+)_V3_V4_387_738_includelonghmm	6	5	352	0	99.72%	100%
16S_rRNA::Mitsuokella-multacida-DSM-20544-MAF-2_Node_0:353403-354962(+)_V3_V4_387_738_includelonghmm	6	5	352	0	100.00%	100%
16S_rRNA::Mitsuokella-multacida-DSM-20544-MAF-2_Node_0:2389251-2390810(-)_V3_V4_387_738_includelonghmm	6	5	352	0	99.72%	100%
16S_rRNA::Mitsuokella-multacida-DSM-20544-MAF-2_Node_0:495610-497169(+)_V3_V4_387_738_includelonghmm	6	5	352	0	99.72%	100%
16S_rRNA::Mitsuokella-multacida-DSM-20544-MAF-2_Node_0:2313033-2314592(-)_V3_V4_387_738_includelonghmm	7	2	352	1	100	100%
16S_rRNA::Mitsuokella-multacida-DSM-20544-MAF-2_Node_0:1513275-1514834(-)_V3_V4_387_738_includelonghmm	7	2	352	0	99.72%	100%
16S_rRNA::Streptococcus-thermophilus-MAF-ATCC-19258_Node_0:22775-24319(-)_V3_V4_375_726_includelonghmm	8	2	352	1	100	100%
16S_rRNA::Streptococcus-thermophilus-MAF-ATCC-19258_Node_0:82964-84508(-)_V3_V4_375_726_includelonghmm	8	2	352	0	100.00%	100%
16S_rRNA::Veillonella-dispar-ATCC-17748-MAF-1_Node_6:598-2158(-)_V3_V4_388_739_includelonghmm	9	1	352	1	100	100%
16S_rRNA::Catenibacterium-mitsuokai-MAF-DSM-15897_Node_0:140643-142170(+)_V3_V4_365_715_includelonghmm	10	9	351	1	100	100%
16S_rRNA::Catenibacterium-mitsuokai-MAF-DSM-15897_Node_0:957997-959524(+)_V3_V4_365_715_includelonghmm	10	9	351	0	99.15%	100%
16S_rRNA::Catenibacterium-mitsuokai-MAF-DSM-15897_Node_0:505411-506938(+)_V3_V4_365_715_includelonghmm	10	9	351	0	100.00%	100%
16S_rRNA::Catenibacterium-mitsuokai-MAF-DSM-15897_Node_0:1755156-1756683(-)_V3_V4_365_715_includelonghmm	10	9	351	0	100.00%	100%
16S_rRNA::Catenibacterium-mitsuokai-MAF-DSM-15897_Node_0:147102-148629(+)_V3_V4_365_715_includelonghmm	10	9	351	0	100.00%	100%
16S_rRNA::Catenibacterium-mitsuokai-MAF-DSM-15897_Node_0:2417682-2419209(-)_V3_V4_365_715_includelonghmm	10	9	351	0	100.00%	100%
16S_rRNA::Catenibacterium-mitsuokai-MAF-DSM-15897_Node_0:2429485-2431012(-)_V3_V4_365_715_includelonghmm	10	9	351	0	100.00%	100%
16S_rRNA::Catenibacterium-mitsuokai-MAF-DSM-15897_Node_0:2422803-2424331(-)_V3_V4_366_716_includelonghmm	10	9	351	0	100.00%	100%
16S_rRNA::Catenibacterium-mitsuokai-MAF-DSM-15897_Node_0:664982-666506(+)_V3_V4_365_714_includelonghmm	10	9	350	0	100.00%	99%
16S_rRNA::Clostridium-spiroforme-DSM-1552-MAF-2_Node_0:639913-641435(+)_V3_V4_361_711_includelonghmm	11	7	351	1	100	100%
16S_rRNA::Clostridium-spiroforme-DSM-1552-MAF-2_Node_0:1791573-1793095(-)_V3_V4_361_711_includelonghmm	11	7	351	0	100.00%	100%
16S_rRNA::Clostridium-spiroforme-DSM-1552-MAF-2_Node_0:2280414-2281936(-)_V3_V4_361_711_includelonghmm	11	7	351	0	100.00%	100%
16S_rRNA::Clostridium-spiroforme-DSM-1552-MAF-2_Node_0:2387484-2389006(-)_V3_V4_361_711_includelonghmm	11	7	351	0	100.00%	100%
16S_rRNA::Clostridium-spiroforme-DSM-1552-MAF-2_Node_0:590187-591709(+)_V3_V4_361_711_includelonghmm	11	7	351	0	100.00%	100%
16S_rRNA::Clostridium-spiroforme-DSM-1552-MAF-2_Node_0:2392679-2394200(-)_V3_V4_361_711_includelonghmm	11	7	351	0	100.00%	100%
16S_rRNA::Clostridium-spiroforme-DSM-1552-MAF-2_Node_0:2397871-2399392(-)_V3_V4_361_710_includelonghmm	11	7	350	0	100.00%	99%
16S_rRNA::Eubacterium-biforme-DSM-3989_Node_43:3663-5200(-)_V3_V4_375_725_includelonghmm	12	1	351	1	100	100%
16S_rRNA::Eubacterium-dolichum-DSM-3991_Node_1:385281-386818(+)_V3_V4_380_730_includelonghmm	13	2	351	1	100	100%
16S_rRNA::Eubacterium-dolichum-DSM-3991_Node_5:183992-185529(-)_V3_V4_380_730_includelonghmm	13	2	351	0	100.00%	100%
16S_rRNA::Holdemania-filiformis-DSM-12042_Node_21:3363-4627(-)_V3_V4_103_453_includelonghmm	14	1	351	1	100	100%
16S_rRNA::Bacteroides-coprophilus-DSM-18228-MAF-2_Node_0:1093602-1095130(+)_V3_V4_374_721_includelonghmm	15	7	348	1	100	100%
16S_rRNA::Bacteroides-coprophilus-DSM-18228-MAF-2_Node_0:2495106-2496634(+)_V3_V4_374_721_includelonghmm	15	7	348	0	100.00%	100%
16S_rRNA::Bacteroides-coprophilus-DSM-18228-MAF-2_Node_0:493729-495257(-)_V3_V4_374_721_includelonghmm	15	7	348	0	100.00%	100%
16S_rRNA::Bacteroides-coprophilus-DSM-18228-MAF-2_Node_0:565168-566696(-)_V3_V4_374_721_includelonghmm	15	7	348	0	100.00%	100%
16S_rRNA::Bacteroides-coprophilus-DSM-18228-MAF-2_Node_0:719217-720745(-)_V3_V4_374_721_includelonghmm	15	7	348	0	100.00%	100%
16S_rRNA::Bacteroides-coprophilus-DSM-18228-MAF-2_Node_0:816628-818156(-)_V3_V4_374_721_includelonghmm	15	7	348	0	100.00%	100%
16S_rRNA::Bacteroides-coprophilus-DSM-18228-MAF-2_Node_0:1864412-1865939(+)_V3_V4_374_721_includelonghmm	15	7	348	0	100.00%	100%
16S_rRNA::Alistipes-finegoldii-DSM-17242_Node_0:119055-120576(-)_V3_V4_369_715_includelonghmm	16	2	347	1	100	100%
16S_rRNA::Alistipes-finegoldii-DSM-17242_Node_0:2181200-2182721(+)_V3_V4_369_715_includelonghmm	16	2	347	0	99.42%	100%
16S_rRNA::Alistipes-ihumii-AP11-MAF-2_Node_0:1364875-1366401(-)_V3_V4_374_720_HMM=mismatchleft_includelonghmm	17	2	347	1	100	100%
16S_rRNA::Alistipes-ihumii-AP11-MAF-2_Node_0:1002521-1004047(-)_V3_V4_374_720_HMM=mismatchleft_includelonghmm	17	2	347	0	100.00%	100%
16S_rRNA::Alistipes-indistinctus-YIT-12060-DSM-22520-MAF-2_Node_0:1075296-1076821(-)_V3_V4_374_720_includelonghmm	18	2	347	1	100	100%
16S_rRNA::Alistipes-indistinctus-YIT-12060-DSM-22520-MAF-2_Node_0:1355494-1357019(-)_V3_V4_374_720_includelonghmm	18	2	347	0	100.00%	100%
16S_rRNA::Alistipes-onderdonkii-DSM-19147-MAF-2_Node_0:2794433-2795958(+)_V3_V4_373_719_includelonghmm	19	2	347	1	100	100%
16S_rRNA::Alistipes-onderdonkii-DSM-19147-MAF-2_Node_0:918784-920309(-)_V3_V4_373_719_includelonghmm	19	2	347	0	100.00%	100%
16S_rRNA::Alistipes-putredinis-DSM-17216-MAF-2_Node_0:1043192-1044716(+)_V3_V4_372_718_includelonghmm	20	2	347	1	100	100%
16S_rRNA::Alistipes-putredinis-DSM-17216-MAF-2_Node_0:2166884-2168408(-)_V3_V4_372_718_includelonghmm	20	2	347	0	100.00%	100%
16S_rRNA::Alistipes-senegalensis-JC50-DSM-25460-MAF-2_Node_0:2899554-2901079(+)_V3_V4_373_719_includelonghmm	21	2	347	1	100	100%
16S_rRNA::Alistipes-senegalensis-JC50-DSM-25460-MAF-2_Node_0:1164445-1165970(-)_V3_V4_373_719_includelonghmm	21	2	347	0	100.00%	100%
16S_rRNA::Alistipes-shahii-WAL-8301-DSM-19121-MAF-2_Node_0:1149112-1150633(-)_V3_V4_369_715_includelonghmm	22	2	347	1	100	100%
16S_rRNA::Alistipes-shahii-WAL-8301-DSM-19121-MAF-2_Node_0:3051389-3052909(+)_V3_V4_368_714_includelonghmm	22	2	347	0	100.00%	100%
16S_rRNA::Bacteroides-caccae-ATCC-43185-MAF-2_Node_0:1507852-1509377(+)_V3_V4_375_721_includelonghmm	23	5	347	1	100	100%
16S_rRNA::Bacteroides-caccae-ATCC-43185-MAF-2_Node_0:250849-252374(-)_V3_V4_375_721_includelonghmm	23	5	347	0	100.00%	100%
16S_rRNA::Bacteroides-caccae-ATCC-43185-MAF-2_Node_0:348685-350210(-)_V3_V4_375_721_includelonghmm	23	5	347	0	100.00%	100%
16S_rRNA::Bacteroides-caccae-ATCC-43185-MAF-2_Node_0:3584180-3585705(-)_V3_V4_375_721_includelonghmm	23	5	347	0	100.00%	100%
16S_rRNA::Bacteroides-caccae-ATCC-43185-MAF-2_Node_0:4206071-4207595(-)_V3_V4_374_720_includelonghmm	23	5	347	0	100.00%	100%
16S_rRNA::Bacteroides-cellulosilyticus-DSM-14838-MAF-2_Node_0:2618755-2620274(+)_V3_V4_369_715_includelonghmm	24	4	347	1	100	100%
16S_rRNA::Bacteroides-cellulosilyticus-DSM-14838-MAF-2_Node_0:4807180-4808699(+)_V3_V4_369_715_includelonghmm	24	4	347	0	100.00%	100%
16S_rRNA::Bacteroides-cellulosilyticus-DSM-14838-MAF-2_Node_0:452133-453652(-)_V3_V4_369_715_includelonghmm	24	4	347	0	100.00%	100%
16S_rRNA::Bacteroides-cellulosilyticus-DSM-14838-MAF-2_Node_0:6634457-6635976(-)_V3_V4_369_715_includelonghmm	24	4	347	0	100.00%	100%
16S_rRNA::Bacteroides-coprocola-DSM-17136_Node_21:119646-121170(+)_V3_V4_374_720_includelonghmm	25	4	347	1	100	100%
16S_rRNA::Bacteroides-coprocola-DSM-17136_Node_46:88540-90064(+)_V3_V4_374_720_includelonghmm	25	4	347	0	100.00%	100%
16S_rRNA::Bacteroides-coprocola-DSM-17136_Node_59:212053-213577(-)_V3_V4_374_720_includelonghmm	25	4	347	0	100.00%	100%
16S_rRNA::Bacteroides-coprocola-DSM-17136_Node_14:1-1267(-)_V3_V4_374_720_includelonghmm	25	4	347	0	100.00%	100%
16S_rRNA::Bacteroides-dorei-5-1-36-MAF-2_Node_0:2555630-2557158(+)_V3_V4_376_722_includelonghmm	26	21	347	1	100	100%
16S_rRNA::Bacteroides-dorei-5-1-36-MAF-2_Node_0:2873560-2875088(+)_V3_V4_376_722_includelonghmm	26	21	347	0	100.00%	100%
16S_rRNA::Bacteroides-dorei-5-1-36-MAF-2_Node_0:964397-965925(-)_V3_V4_376_722_includelonghmm	26	21	347	0	100.00%	100%
16S_rRNA::Bacteroides-dorei-5-1-36-MAF-2_Node_0:1051296-1052824(-)_V3_V4_376_722_includelonghmm	26	21	347	0	100.00%	100%
16S_rRNA::Bacteroides-dorei-5-1-36-MAF-2_Node_0:4709003-4710531(-)_V3_V4_376_722_includelonghmm	26	21	347	0	100.00%	100%
16S_rRNA::Bacteroides-dorei-5-1-36-MAF-2_Node_0:4970222-4971750(-)_V3_V4_376_722_includelonghmm	26	21	347	0	100.00%	100%
16S_rRNA::Bacteroides-dorei-5-1-36-MAF-2_Node_0:517058-518583(-)_V3_V4_376_722_includelonghmm	26	21	347	0	100.00%	100%
16S_rRNA::Bacteroides-dorei-DSM-17855-MAF-2_Node_0:2241740-2243268(+)_V3_V4_376_722_includelonghmm	26	21	347	0	100.00%	100%
16S_rRNA::Bacteroides-dorei-DSM-17855-MAF-2_Node_0:2328649-2330177(+)_V3_V4_376_722_includelonghmm	26	21	347	0	100.00%	100%
16S_rRNA::Bacteroides-dorei-DSM-17855-MAF-2_Node_0:4839200-4840728(-)_V3_V4_376_722_includelonghmm	26	21	347	0	100.00%	100%
16S_rRNA::Bacteroides-dorei-DSM-17855-MAF-2_Node_0:2756029-2757556(+)_V3_V4_376_722_includelonghmm	26	21	347	0	100.00%	100%
16S_rRNA::Bacteroides-dorei-DSM-17855-MAF-2_Node_0:350723-352252(-)_V3_V4_376_722_includelonghmm	26	21	347	0	100.00%	100%
16S_rRNA::Bacteroides-dorei-DSM-17855-MAF-2_Node_0:646527-648058(-)_V3_V4_376_722_includelonghmm	26	21	347	0	100.00%	100%
16S_rRNA::Bacteroides-dorei-DSM-17855-MAF-2_Node_0:5138626-5140157(-)_V3_V4_376_722_includelonghmm	26	21	347	0	100.00%	100%
16S_rRNA::Bacteroides-sp-9-1-42FAA-MAF-2_Node_0:2958876-2960404(+)_V3_V4_376_722_includelonghmm	26	21	347	0	100.00%	100%
16S_rRNA::Bacteroides-sp-9-1-42FAA-MAF-2_Node_0:2376339-2377868(+)_V3_V4_376_722_includelonghmm	26	21	347	0	100.00%	100%
16S_rRNA::Bacteroides-sp-9-1-42FAA-MAF-2_Node_0:2520722-2522251(+)_V3_V4_376_722_includelonghmm	26	21	347	0	100.00%	100%
16S_rRNA::Bacteroides-sp-9-1-42FAA-MAF-2_Node_0:380858-382387(-)_V3_V4_376_722_includelonghmm	26	21	347	0	100.00%	100%
16S_rRNA::Bacteroides-sp-9-1-42FAA-MAF-2_Node_0:737520-739049(-)_V3_V4_376_722_includelonghmm	26	21	347	0	100.00%	100%
16S_rRNA::Bacteroides-sp-9-1-42FAA-MAF-2_Node_0:4825531-4827060(-)_V3_V4_376_722_includelonghmm	26	21	347	0	100.00%	100%
16S_rRNA::Bacteroides-sp-9-1-42FAA-MAF-2_Node_0:5147014-5148543(-)_V3_V4_376_722_includelonghmm	26	21	347	0	100.00%	100%
16S_rRNA::Bacteroides-eggerthii-DSM-20697-MAF-2_Node_0:3753561-3755084(-)_V3_V4_373_719_includelonghmm	27	4	347	1	100	100%
16S_rRNA::Bacteroides-eggerthii-DSM-20697-MAF-2_Node_0:215881-217403(-)_V3_V4_373_718_includelonghmm	27	4	346	0	100.00%	99%
16S_rRNA::Bacteroides-eggerthii-DSM-20697-MAF-2_Node_0:2548987-2550507(+)_V3_V4_373_718_includelonghmm	27	4	346	0	100.00%	99%
16S_rRNA::Bacteroides-eggerthii-DSM-20697-MAF-2_Node_0:1204626-1206145(+)_V3_V4_371_716_includelonghmm	27	4	346	0	100.00%	99%
16S_rRNA::Bacteroides-finegoldii-DSM-17565-MAF-2_Node_0:1427328-1428853(+)_V3_V4_375_721_includelonghmm	28	5	347	1	100	100%
16S_rRNA::Bacteroides-finegoldii-DSM-17565-MAF-2_Node_0:1538479-1540004(+)_V3_V4_375_721_includelonghmm	28	5	347	0	100.00%	100%
16S_rRNA::Bacteroides-finegoldii-DSM-17565-MAF-2_Node_0:2691727-2693252(+)_V3_V4_375_721_includelonghmm	28	5	347	0	100.00%	100%
16S_rRNA::Bacteroides-finegoldii-DSM-17565-MAF-2_Node_0:166411-167936(-)_V3_V4_375_721_includelonghmm	28	5	347	0	100.00%	100%
16S_rRNA::Bacteroides-finegoldii-DSM-17565-MAF-2_Node_0:4633966-4635491(-)_V3_V4_375_721_includelonghmm	28	5	347	0	100.00%	100%
16S_rRNA::Bacteroides-fragilis-3-1-12-MAF-2_Node_0:415028-416553(-)_V3_V4_373_719_includelonghmm	29	12	347	1	100	100%
16S_rRNA::Bacteroides-fragilis-3-1-12-MAF-2_Node_0:4285904-4287429(-)_V3_V4_373_719_includelonghmm	29	12	347	0	100.00%	100%
16S_rRNA::Bacteroides-fragilis-3-1-12-MAF-2_Node_0:4999280-5000805(-)_V3_V4_373_719_includelonghmm	29	12	347	0	100.00%	100%
16S_rRNA::Bacteroides-fragilis-3-1-12-MAF-2_Node_0:349585-351110(-)_V3_V4_373_719_includelonghmm	29	12	347	0	100.00%	100%
16S_rRNA::Bacteroides-fragilis-3-1-12-MAF-2_Node_0:139920-141446(-)_V3_V4_373_719_includelonghmm	29	12	347	0	100.00%	100%
16S_rRNA::Bacteroides-fragilis-3-1-12-MAF-2_Node_0:819099-820623(-)_V3_V4_373_719_includelonghmm	29	12	347	0	100.00%	100%
16S_rRNA::Bacteroides-sp-2-1-22-MAF-2_Node_0:4999265-5000790(-)_V3_V4_373_719_includelonghmm	29	12	347	0	100.00%	100%
16S_rRNA::Bacteroides-sp-2-1-22-MAF-2_Node_0:4285886-4287411(-)_V3_V4_373_719_includelonghmm	29	12	347	0	100.00%	100%
16S_rRNA::Bacteroides-sp-2-1-22-MAF-2_Node_0:349573-351097(-)_V3_V4_373_719_includelonghmm	29	12	347	0	100.00%	100%
16S_rRNA::Bacteroides-sp-2-1-22-MAF-2_Node_0:819081-820609(-)_V3_V4_373_719_includelonghmm	29	12	347	0	100.00%	100%
16S_rRNA::Bacteroides-sp-2-1-22-MAF-2_Node_0:415010-416535(-)_V3_V4_373_719_includelonghmm	29	12	347	0	99.71%	100%
16S_rRNA::Bacteroides-sp-2-1-22-MAF-2_Node_0:139914-141438(-)_V3_V4_374_720_includelonghmm	29	12	347	0	100.00%	100%
16S_rRNA::Bacteroides-intestinalis-DSM-17393-MAF-2_Node_0:5762461-5763980(-)_V3_V4_369_715_includelonghmm	30	4	347	1	100	100%
16S_rRNA::Bacteroides-intestinalis-DSM-17393-MAF-2_Node_0:2212738-2214257(+)_V3_V4_369_715_includelonghmm	30	4	347	0	99.71%	100%
16S_rRNA::Bacteroides-intestinalis-DSM-17393-MAF-2_Node_0:4088098-4089617(+)_V3_V4_369_715_includelonghmm	30	4	347	0	99.71%	100%
16S_rRNA::Bacteroides-intestinalis-DSM-17393-MAF-2_Node_0:412423-413942(-)_V3_V4_369_715_includelonghmm	30	4	347	0	99.71%	100%
16S_rRNA::Bacteroides-ovatus-ATCC-8483-MAF-2_Node_0:643972-645497(-)_V3_V4_375_721_includelonghmm	31	8	347	1	100	100%
16S_rRNA::Bacteroides-ovatus-ATCC-8483-MAF-2_Node_0:6115806-6117331(-)_V3_V4_375_721_includelonghmm	31	8	347	0	100.00%	100%
16S_rRNA::Bacteroides-ovatus-ATCC-8483-MAF-2_Node_0:2418516-2420041(+)_V3_V4_375_721_includelonghmm	31	8	347	0	100.00%	100%
16S_rRNA::Bacteroides-ovatus-ATCC-8483-MAF-2_Node_0:5342766-5344287(-)_V3_V4_371_717_includelonghmm	31	8	347	0	99.14%	100%
16S_rRNA::Bacteroides-sp-D2-MAF-2_Node_0:2400908-2402429(+)_V3_V4_371_717_includelonghmm	31	8	347	0	99.14%	100%
16S_rRNA::Bacteroides-sp-D2-MAF-2_Node_0:2683966-2685487(+)_V3_V4_371_717_includelonghmm	31	8	347	0	99.14%	100%
16S_rRNA::Bacteroides-sp-D2-MAF-2_Node_0:329193-330714(-)_V3_V4_371_717_includelonghmm	31	8	347	0	99.14%	100%
16S_rRNA::Bacteroides-sp-D2-MAF-2_Node_0:6619736-6621257(-)_V3_V4_371_717_includelonghmm	31	8	347	0	99.14%	100%
16S_rRNA::Bacteroides-ovatus-ATCC-8483-MAF-2_Node_0:247870-249395(-)_V3_V4_375_721_includelonghmm	32	1	347	1	100	100%
16S_rRNA::Bacteroides-plebeius-DSM-17135-MAF-2_Node_0:1620529-1622054(+)_V3_V4_375_721_includelonghmm	33	1	347	1	100	100%
16S_rRNA::Bacteroides-plebeius-DSM-17135-MAF-2_Node_0:1541465-1542990(+)_V3_V4_374_720_includelonghmm	34	5	347	1	100	100%
16S_rRNA::Bacteroides-plebeius-DSM-17135-MAF-2_Node_0:205855-207380(-)_V3_V4_374_720_includelonghmm	34	5	347	0	100.00%	100%
16S_rRNA::Bacteroides-plebeius-DSM-17135-MAF-2_Node_0:1204677-1206202(-)_V3_V4_374_720_includelonghmm	34	5	347	0	100.00%	100%
16S_rRNA::Bacteroides-plebeius-DSM-17135-MAF-2_Node_0:3739625-3741150(-)_V3_V4_374_720_includelonghmm	34	5	347	0	100.00%	100%
16S_rRNA::Bacteroides-plebeius-DSM-17135-MAF-2_Node_0:472032-473556(-)_V3_V4_374_720_includelonghmm	34	5	347	0	100.00%	100%
16S_rRNA::Bacteroides-rodentium-DSM-26882-MAF-2_Node_0:1682031-1683554(+)_V3_V4_373_719_includelonghmm	35	4	347	1	100	100%
16S_rRNA::Bacteroides-rodentium-DSM-26882-MAF-2_Node_0:3982843-3984366(+)_V3_V4_373_719_includelonghmm	35	4	347	0	100.00%	100%
16S_rRNA::Bacteroides-rodentium-DSM-26882-MAF-2_Node_0:433085-434608(-)_V3_V4_373_719_includelonghmm	35	4	347	0	100.00%	100%
16S_rRNA::Bacteroides-rodentium-DSM-26882-MAF-2_Node_0:4922263-4923786(-)_V3_V4_373_719_includelonghmm	35	4	347	0	100.00%	100%
16S_rRNA::Bacteroides-sp-1-1-6-MAF-2_Node_0:5286748-5288273(-)_V3_V4_375_721_includelonghmm	36	10	347	1	100	100%
16S_rRNA::Bacteroides-sp-1-1-6-MAF-2_Node_0:258676-260201(-)_V3_V4_375_721_includelonghmm	36	10	347	0	100.00%	100%
16S_rRNA::Bacteroides-sp-1-1-6-MAF-2_Node_0:2160040-2161565(+)_V3_V4_375_721_includelonghmm	36	10	347	0	100.00%	100%
16S_rRNA::Bacteroides-sp-1-1-6-MAF-2_Node_0:443570-445095(-)_V3_V4_375_721_includelonghmm	36	10	347	0	100.00%	100%
16S_rRNA::Bacteroides-sp-1-1-6-MAF-2_Node_0:6038690-6040215(-)_V3_V4_375_721_includelonghmm	36	10	347	0	100.00%	100%
16S_rRNA::Bacteroides-thetaiotaomicron-VPI-5482-MAF-2_Node_0:2285971-2287496(+)_V3_V4_375_721_includelonghmm	36	10	347	0	100.00%	100%
16S_rRNA::Bacteroides-thetaiotaomicron-VPI-5482-MAF-2_Node_0:5919946-5921471(-)_V3_V4_375_721_includelonghmm	36	10	347	0	100.00%	100%
16S_rRNA::Bacteroides-thetaiotaomicron-VPI-5482-MAF-2_Node_0:631444-632969(-)_V3_V4_375_721_includelonghmm	36	10	347	0	100.00%	100%
16S_rRNA::Bacteroides-thetaiotaomicron-VPI-5482-MAF-2_Node_0:337196-338722(-)_V3_V4_375_721_includelonghmm	36	10	347	0	100.00%	100%
16S_rRNA::Clostridium-sp-L2-50-MAF-1_Node_85:103-1262(+)_V3_V4_375_721_includelonghmm	36	10	347	0	100.00%	100%
16S_rRNA::Bacteroides-sp-2-1-16-MAF-2_Node_0:774423-775948(-)_V3_V4_373_719_includelonghmm	37	6	347	1	100	100%
16S_rRNA::Bacteroides-sp-2-1-16-MAF-2_Node_0:4059343-4060868(-)_V3_V4_373_719_includelonghmm	37	6	347	0	99.71%	100%
16S_rRNA::Bacteroides-sp-2-1-16-MAF-2_Node_0:145684-147209(-)_V3_V4_373_719_includelonghmm	37	6	347	0	99.71%	100%
16S_rRNA::Bacteroides-sp-2-1-16-MAF-2_Node_0:293548-295073(-)_V3_V4_373_719_includelonghmm	37	6	347	0	99.71%	100%
16S_rRNA::Bacteroides-sp-2-1-16-MAF-2_Node_0:352786-354311(-)_V3_V4_373_719_includelonghmm	37	6	347	0	99.71%	100%
16S_rRNA::Bacteroides-sp-2-1-16-MAF-2_Node_0:4708321-4709849(-)_V3_V4_373_719_includelonghmm	37	6	347	0	99.71%	100%
16S_rRNA::Bacteroides-sp-3-1-19-MAF-2_Node_0:420379-421900(+)_V3_V4_368_714_includelonghmm	38	19	347	1	100	100%
16S_rRNA::Bacteroides-sp-3-1-19-MAF-2_Node_0:5148755-5150276(+)_V3_V4_368_714_includelonghmm	38	19	347	0	100.00%	100%
16S_rRNA::Bacteroides-sp-3-1-19-MAF-2_Node_0:2363702-2365223(-)_V3_V4_368_714_includelonghmm	38	19	347	0	100.00%	100%
16S_rRNA::Bacteroides-sp-3-1-19-MAF-2_Node_0:3078364-3079885(-)_V3_V4_368_714_includelonghmm	38	19	347	0	100.00%	100%
16S_rRNA::Bacteroides-sp-3-1-19-MAF-2_Node_0:3655867-3657388(-)_V3_V4_368_714_includelonghmm	38	19	347	0	100.00%	100%
16S_rRNA::Bacteroides-sp-3-1-19-MAF-2_Node_0:3816379-3817900(-)_V3_V4_368_714_includelonghmm	38	19	347	0	100.00%	100%
16S_rRNA::Parabacteroides-distasonis-ATCC-8503_Node_0:416011-417532(+)_V3_V4_368_714_includelonghmm	38	19	347	0	100.00%	100%
16S_rRNA::Parabacteroides-distasonis-ATCC-8503_Node_0:2138934-2140455(-)_V3_V4_368_714_includelonghmm	38	19	347	0	100.00%	100%
16S_rRNA::Parabacteroides-distasonis-ATCC-8503_Node_0:2872495-2874016(-)_V3_V4_368_714_includelonghmm	38	19	347	0	100.00%	100%
16S_rRNA::Parabacteroides-distasonis-ATCC-8503_Node_0:142372-143895(+)_V3_V4_370_716_includelonghmm	38	19	347	0	100.00%	100%
16S_rRNA::Parabacteroides-distasonis-ATCC-8503_Node_0:4787740-4789263(+)_V3_V4_370_716_includelonghmm	38	19	347	0	100.00%	100%
16S_rRNA::Parabacteroides-sp-D13-MAF-2_Node_0:1408339-1409860(-)_V3_V4_368_714_includelonghmm	38	19	347	0	100.00%	100%
16S_rRNA::Parabacteroides-sp-D13-MAF-2_Node_0:2613756-2615277(-)_V3_V4_368_714_includelonghmm	38	19	347	0	100.00%	100%
16S_rRNA::Parabacteroides-sp-D13-MAF-2_Node_0:3756518-3758039(-)_V3_V4_368_714_includelonghmm	38	19	347	0	100.00%	100%
16S_rRNA::Parabacteroides-sp-D13-MAF-2_Node_0:3924759-3926280(-)_V3_V4_368_714_includelonghmm	38	19	347	0	100.00%	100%
16S_rRNA::Parabacteroides-sp-D13-MAF-2_Node_0:154073-155594(+)_V3_V4_368_714_includelonghmm	38	19	347	0	100.00%	100%
16S_rRNA::Parabacteroides-sp-D13-MAF-2_Node_0:5343416-5344937(+)_V3_V4_368_714_includelonghmm	38	19	347	0	100.00%	100%
16S_rRNA::Parabacteroides-sp-D13-MAF-2_Node_0:3363288-3364809(-)_V3_V4_368_714_includelonghmm	38	19	347	0	100.00%	100%
16S_rRNA::Bacteroides-sp-3-1-19-MAF-2_Node_0:138652-140174(+)_V3_V4_368_713_includelonghmm	38	19	346	0	99.71%	99%
16S_rRNA::Bacteroides-sp-D2-MAF-2_Node_0:5842840-5844361(-)_V3_V4_371_717_includelonghmm	39	1	347	1	100	100%
16S_rRNA::Bacteroides-stercoris-ATCC-43183-MAF-2_Node_0:3634919-3636442(-)_V3_V4_373_719_includelonghmm	40	5	347	1	100	100%
16S_rRNA::Bacteroides-stercoris-ATCC-43183-MAF-2_Node_0:310648-312171(-)_V3_V4_373_719_includelonghmm	40	5	347	0	100.00%	100%
16S_rRNA::Bacteroides-stercoris-ATCC-43183-MAF-2_Node_0:409142-410665(-)_V3_V4_373_719_includelonghmm	40	5	347	0	100.00%	100%
16S_rRNA::Bacteroides-stercoris-ATCC-43183-MAF-2_Node_0:1327551-1329074(+)_V3_V4_373_719_includelonghmm	40	5	347	0	100.00%	100%
16S_rRNA::Bacteroides-stercoris-ATCC-43183-MAF-2_Node_0:2617609-2619132(+)_V3_V4_373_719_includelonghmm	40	5	347	0	100.00%	100%
16S_rRNA::Bacteroides-thetaiotaomicron-VPI-5482-MAF-2_Node_0:5209426-5210947(-)_V3_V4_371_717_includelonghmm	41	1	347	1	100	100%
16S_rRNA::Bacteroides-uniformis-ATCC-8492-MAF-2_Node_0:1734081-1735604(+)_V3_V4_373_719_includelonghmm	42	4	347	1	100	100%
16S_rRNA::Bacteroides-uniformis-ATCC-8492-MAF-2_Node_0:2427557-2429080(+)_V3_V4_373_719_includelonghmm	42	4	347	0	100.00%	100%
16S_rRNA::Bacteroides-uniformis-ATCC-8492-MAF-2_Node_0:449810-451333(-)_V3_V4_373_719_includelonghmm	42	4	347	0	100.00%	100%
16S_rRNA::Bacteroides-uniformis-ATCC-8492-MAF-2_Node_0:3926882-3928405(-)_V3_V4_373_719_includelonghmm	42	4	347	0	100.00%	100%
16S_rRNA::Bacteroides-vulgatus-ATCC-8482_Node_0:4430455-4431979(-)_V3_V4_374_720_includelonghmm	43	6	347	1	100	100%
16S_rRNA::Bacteroides-vulgatus-ATCC-8482_Node_0:2587726-2589250(+)_V3_V4_374_720_includelonghmm	43	6	347	0	99.14%	100%
16S_rRNA::Bacteroides-vulgatus-ATCC-8482_Node_0:2095447-2096972(+)_V3_V4_374_720_includelonghmm	43	6	347	0	99.42%	100%
16S_rRNA::Bacteroides-vulgatus-ATCC-8482_Node_0:346721-348245(-)_V3_V4_374_720_includelonghmm	43	6	347	0	99.42%	100%
16S_rRNA::Bacteroides-vulgatus-ATCC-8482_Node_0:647820-649344(-)_V3_V4_374_720_includelonghmm	43	6	347	0	99.42%	100%
16S_rRNA::Bacteroides-vulgatus-ATCC-8482_Node_0:2183539-2185063(+)_V3_V4_374_720_includelonghmm	43	6	347	0	99.42%	100%
16S_rRNA::Bacteroides-vulgatus-ATCC-8482_Node_0:4743118-4744642(-)_V3_V4_374_720_includelonghmm	44	1	347	1	100	100%
16S_rRNA::Parabacteroides-distasonis-ATCC-8503_Node_0:3253597-3255120(-)_V3_V4_370_716_includelonghmm	45	2	347	1	100	100%
16S_rRNA::Parabacteroides-distasonis-ATCC-8503_Node_0:3411868-3413391(-)_V3_V4_370_716_includelonghmm	45	2	347	0	100.00%	100%
16S_rRNA::Parabacteroides-johnsonii-DSM-18315-MAF-2_Node_0:594467-595993(+)_V3_V4_374_720_includelonghmm	46	6	347	1	100	100%
16S_rRNA::Parabacteroides-johnsonii-DSM-18315-MAF-2_Node_0:667496-669022(+)_V3_V4_374_720_includelonghmm	46	6	347	0	100.00%	100%
16S_rRNA::Parabacteroides-johnsonii-DSM-18315-MAF-2_Node_0:4134295-4135821(+)_V3_V4_374_720_includelonghmm	46	6	347	0	100.00%	100%
16S_rRNA::Parabacteroides-johnsonii-DSM-18315-MAF-2_Node_0:2697863-2699389(-)_V3_V4_374_720_includelonghmm	46	6	347	0	100.00%	100%
16S_rRNA::Parabacteroides-johnsonii-DSM-18315-MAF-2_Node_0:3161872-3163398(-)_V3_V4_374_720_includelonghmm	46	6	347	0	100.00%	100%
16S_rRNA::Parabacteroides-johnsonii-DSM-18315-MAF-2_Node_0:2914371-2915899(-)_V3_V4_376_722_includelonghmm	46	6	347	0	100.00%	100%
16S_rRNA::Parabacteroides-merdae-ATCC-43184-MAF-2_Node_0:54701-56228(+)_V3_V4_374_720_includelonghmm	47	5	347	1	100	100%
16S_rRNA::Parabacteroides-merdae-ATCC-43184-MAF-2_Node_0:476714-478241(+)_V3_V4_374_720_includelonghmm	47	5	347	0	100.00%	100%
16S_rRNA::Parabacteroides-merdae-ATCC-43184-MAF-2_Node_0:3828529-3830056(+)_V3_V4_374_720_includelonghmm	47	5	347	0	100.00%	100%
16S_rRNA::Parabacteroides-merdae-ATCC-43184-MAF-2_Node_0:1962157-1963684(-)_V3_V4_374_720_includelonghmm	47	5	347	0	100.00%	100%
16S_rRNA::Parabacteroides-merdae-ATCC-43184-MAF-2_Node_0:2780706-2782233(-)_V3_V4_374_720_includelonghmm	47	5	347	0	100.00%	100%
16S_rRNA::Prevotella-buccae-D17-MAF-1_Node_22:20963-22492(+)_V3_V4_374_720_includelonghmm	48	1	347	1	100	100%
16S_rRNA::Prevotella-buccalis-ATCC-35310-MAF-2_Node_0:36115-37644(+)_V3_V4_374_720_includelonghmm	49	3	347	1	100	100%
16S_rRNA::Prevotella-buccalis-ATCC-35310-MAF-2_Node_0:1742081-1743610(-)_V3_V4_374_720_includelonghmm	49	3	347	0	100.00%	100%
16S_rRNA::Prevotella-buccalis-ATCC-35310-MAF-2_Node_0:2172938-2174467(-)_V3_V4_374_720_includelonghmm	49	3	347	0	99.42%	100%
16S_rRNA::Prevotella-copri-DSM-18205-MAF-2_Node_0:1453862-1455391(-)_V3_V4_376_722_includelonghmm	50	4	347	1	100	100%
16S_rRNA::Prevotella-copri-DSM-18205-MAF-2_Node_0:2117570-2119099(-)_V3_V4_376_722_includelonghmm	50	4	347	0	99.14%	100%
16S_rRNA::Prevotella-copri-DSM-18205-MAF-2_Node_0:3183412-3184941(+)_V3_V4_376_722_includelonghmm	50	4	347	0	99.71%	100%
16S_rRNA::Prevotella-copri-DSM-18205-MAF-2_Node_0:2720925-2722454(-)_V3_V4_376_722_includelonghmm	50	4	347	0	99.71%	100%
16S_rRNA::Prevotella-copri-DSM-18205-MAF-2_Node_0:61590-63119(+)_V3_V4_376_722_includelonghmm	51	1	347	1	100	100%
16S_rRNA::Butyricimonas-virosa-DSM-23226-MAF-2_Node_0:2571174-2572696(+)_V3_V4_370_715_HMM=mismatchleft_includelonghmm	52	2	346	1	100	100%
16S_rRNA::Intestinimonas-butyriciproducens-DSM-26588-MAF-2_Node_0:2544982-2546504(-)_V3_V4_370_715_HMM=mismatchleft_includelonghmm	52	2	346	0	100.00%	100%
16S_rRNA::Butyricimonas-virosa-DSM-23226-MAF-2_Node_0:2748282-2749804(+)_V3_V4_370_715_HMM=mismatchleft_includelonghmm	53	8	346	1	100	100%
16S_rRNA::Butyricimonas-virosa-DSM-23226-MAF-2_Node_0:2240038-2241560(+)_V3_V4_370_715_HMM=mismatchleft_includelonghmm	53	8	346	0	100.00%	100%
16S_rRNA::Butyricimonas-virosa-DSM-23226-MAF-2_Node_0:3205717-3207239(+)_V3_V4_370_715_HMM=mismatchleft_includelonghmm	53	8	346	0	100.00%	100%
16S_rRNA::Butyricimonas-virosa-DSM-23226-MAF-2_Node_0:830606-832128(-)_V3_V4_370_715_HMM=mismatchleft_includelonghmm	53	8	346	0	100.00%	100%
16S_rRNA::Intestinimonas-butyriciproducens-DSM-26588-MAF-2_Node_0:3002419-3003941(-)_V3_V4_370_715_HMM=mismatchleft_includelonghmm	53	8	346	0	100.00%	100%
16S_rRNA::Intestinimonas-butyriciproducens-DSM-26588-MAF-2_Node_0:3179528-3181050(-)_V3_V4_370_715_HMM=mismatchleft_includelonghmm	53	8	346	0	100.00%	100%
16S_rRNA::Intestinimonas-butyriciproducens-DSM-26588-MAF-2_Node_0:3510664-3512186(-)_V3_V4_370_715_HMM=mismatchleft_includelonghmm	53	8	346	0	100.00%	100%
16S_rRNA::Intestinimonas-butyriciproducens-DSM-26588-MAF-2_Node_0:106965-108487(+)_V3_V4_370_715_HMM=mismatchleft_includelonghmm	53	8	346	0	100.00%	100%
16S_rRNA::Odoribacter-splanchnicus-DSM-20712_Node_0:2203316-2204836(-)_V3_V4_369_714_includelonghmm	54	4	346	1	100	100%
16S_rRNA::Odoribacter-splanchnicus-DSM-20712_Node_0:1477114-1478634(-)_V3_V4_369_714_includelonghmm	54	4	346	0	100.00%	100%
16S_rRNA::Odoribacter-splanchnicus-DSM-20712_Node_0:2310352-2311872(-)_V3_V4_369_714_includelonghmm	54	4	346	0	100.00%	100%
16S_rRNA::Odoribacter-splanchnicus-DSM-20712_Node_0:2531250-2532770(-)_V3_V4_369_714_includelonghmm	54	4	346	0	100.00%	100%
16S_rRNA::Bifidobacterium-breve-DSM-20213_Node_0:2178318-2179846(-)_V3_V4_367_703_includelonghmm	55	2	337	1	100	100%
16S_rRNA::Bifidobacterium-breve-DSM-20213_Node_0:1560057-1561585(-)_V3_V4_367_703_includelonghmm	55	2	337	0	100.00%	100%
16S_rRNA::Bifidobacterium-catenulatum-DSM-16992_Node_0:1592401-1593927(-)_V3_V4_368_701_includelonghmm	56	11	334	1	100	100%
16S_rRNA::Bifidobacterium-catenulatum-DSM-16992_Node_0:1873300-1874826(-)_V3_V4_368_701_includelonghmm	56	11	334	0	100.00%	100%
16S_rRNA::Bifidobacterium-catenulatum-DSM-16992_Node_0:1969696-1971222(-)_V3_V4_368_701_includelonghmm	56	11	334	0	100.00%	100%
16S_rRNA::Bifidobacterium-catenulatum-DSM-16992_Node_0:1995970-1997496(-)_V3_V4_368_701_includelonghmm	56	11	334	0	100.00%	100%
16S_rRNA::Bifidobacterium-catenulatum-DSM-16992_Node_0:2046575-2048101(-)_V3_V4_368_701_includelonghmm	56	11	334	0	100.00%	100%
16S_rRNA::Bifidobacterium-pseudocatenulatum-DSM-20438_Node_0:1706897-1708423(-)_V3_V4_369_702_includelonghmm	56	11	334	0	100.00%	100%
16S_rRNA::Bifidobacterium-pseudocatenulatum-DSM-20438_Node_0:2040445-2041971(-)_V3_V4_369_702_includelonghmm	56	11	334	0	100.00%	100%
16S_rRNA::Bifidobacterium-pseudocatenulatum-DSM-20438_Node_0:2159096-2160622(-)_V3_V4_369_702_includelonghmm	56	11	334	0	100.00%	100%
16S_rRNA::Bifidobacterium-pseudocatenulatum-DSM-20438_Node_0:2233486-2235012(-)_V3_V4_369_702_includelonghmm	56	11	334	0	100.00%	100%
16S_rRNA::Bifidobacterium-pseudocatenulatum-DSM-20438_Node_0:2257874-2259400(-)_V3_V4_369_702_includelonghmm	56	11	334	0	100.00%	100%
16S_rRNA::Bifidobacterium-pseudocatenulatum-DSM-20438_Node_0:2282262-2283788(-)_V3_V4_369_702_includelonghmm	56	11	334	0	100.00%	100%
16S_rRNA::Akkermansia-muciniphila-ATCC-BAA-835_Node_0:989911-991420(+)_V3_V4_356_688_includelonghmm	57	3	333	1	100	100%
16S_rRNA::Akkermansia-muciniphila-ATCC-BAA-835_Node_0:1459756-1461265(+)_V3_V4_356_688_includelonghmm	57	3	333	0	100.00%	100%
16S_rRNA::Akkermansia-muciniphila-ATCC-BAA-835_Node_0:320472-321981(-)_V3_V4_356_688_includelonghmm	57	3	333	0	100.00%	100%
16S_rRNA::Olsenella-uli-DSM-7084_Node_0:159961-161472(+)_V3_V4_365_697_includelonghmm	58	1	333	1	100	100%
16S_rRNA::Clostridiales-bacterium-VE202-03_Node_300:3974-5504(-)_V3_V4_385_714_includelonghmm	59	1	330	1	100	100%
16S_rRNA::Ethanoligens-harbinense-YUAN-3_Node_0:451598-453099(+)_V3_V4_358_686_includelonghmm	60	3	329	1	100	100%
16S_rRNA::Ethanoligens-harbinense-YUAN-3_Node_0:2304231-2305732(-)_V3_V4_358_686_includelonghmm	60	3	329	0	100.00%	100%
16S_rRNA::Ethanoligens-harbinense-YUAN-3_Node_0:2984431-2985932(-)_V3_V4_358_686_includelonghmm	60	3	329	0	100.00%	100%
16S_rRNA::Oscillibacter-sp-KLE-1728-MAF-1_Node_21:3876-5405(-)_V3_V4_385_713_includelonghmm	61	1	329	1	100	100%
16S_rRNA::Roseburia-intestinalis-L1-82-MAF-2_Node_0:24707-26236(+)_V3_V4_382_710_includelonghmm	62	6	329	1	100	100%
16S_rRNA::Roseburia-intestinalis-L1-82-MAF-2_Node_0:200678-202207(+)_V3_V4_382_710_includelonghmm	62	6	329	0	100.00%	100%
16S_rRNA::Roseburia-intestinalis-L1-82-MAF-2_Node_0:685842-687371(+)_V3_V4_382_710_includelonghmm	62	6	329	0	100.00%	100%
16S_rRNA::Roseburia-intestinalis-L1-82-MAF-2_Node_0:990097-991626(+)_V3_V4_382_710_includelonghmm	62	6	329	0	100.00%	100%
16S_rRNA::Roseburia-intestinalis-L1-82-MAF-2_Node_0:3552433-3553963(-)_V3_V4_383_711_includelonghmm	62	6	329	0	99.70%	100%
16S_rRNA::Roseburia-intestinalis-L1-82-MAF-2_Node_0:3932874-3934403(-)_V3_V4_382_710_includelonghmm	62	6	329	0	99.70%	100%
16S_rRNA::Anaerostipes-caccae-DSM-14662-MAF-2_Node_0:15519-17049(+)_V3_V4_384_711_includelonghmm	63	4	328	1	100	100%
16S_rRNA::Anaerostipes-caccae-DSM-14662-MAF-2_Node_0:83477-85007(+)_V3_V4_384_711_includelonghmm	63	4	328	0	100.00%	100%
16S_rRNA::Anaerostipes-caccae-DSM-14662-MAF-2_Node_0:1364832-1366362(+)_V3_V4_384_711_includelonghmm	63	4	328	0	100.00%	100%
16S_rRNA::Anaerostipes-caccae-DSM-14662-MAF-2_Node_0:3136323-3137853(-)_V3_V4_384_711_includelonghmm	63	4	328	0	100.00%	100%
16S_rRNA::Clostridium-bartlettii-DSM-16795-MAF-2_Node_0:2992040-2993507(-)_V3_V4_348_675_includelonghmm	64	1	328	1	100	100%
16S_rRNA::Clostridium-bolteae-ATCC-BAA-613-MAF-2_Node_0:13425-14956(+)_V3_V4_382_709_includelonghmm	65	5	328	1	100	100%
16S_rRNA::Clostridium-bolteae-ATCC-BAA-613-MAF-2_Node_0:5557853-5559383(-)_V3_V4_382_708_includelonghmm	65	5	327	0	100.00%	99%
16S_rRNA::Clostridium-bolteae-ATCC-BAA-613-MAF-2_Node_0:2364940-2366470(+)_V3_V4_382_708_includelonghmm	65	5	327	0	100.00%	99%
16S_rRNA::Clostridium-bolteae-ATCC-BAA-613-MAF-2_Node_0:5549048-5550576(-)_V3_V4_380_706_includelonghmm	65	5	327	0	100.00%	99%
16S_rRNA::Clostridium-bolteae-ATCC-BAA-613-MAF-2_Node_0:145433-146961(+)_V3_V4_380_706_includelonghmm	65	5	327	0	100.00%	99%
16S_rRNA::Collinsella-aerofaciens-ATCC-25986_Node_13:314-1816(+)_V3_V4_361_688_includelonghmm	66	5	328	1	100	100%
16S_rRNA::Collinsella-aerofaciens-ATCC-25986_Node_15:3228-4730(+)_V3_V4_361_688_includelonghmm	66	5	328	0	100.00%	100%
16S_rRNA::Collinsella-aerofaciens-ATCC-25986_Node_9:40999-42501(+)_V3_V4_361_688_includelonghmm	66	5	328	0	100.00%	100%
16S_rRNA::Collinsella-aerofaciens-ATCC-25986_Node_15:139894-141397(+)_V3_V4_361_688_includelonghmm	66	5	328	0	100.00%	100%
16S_rRNA::Collinsella-aerofaciens-ATCC-25986_Node_20:65-1131(-)_V3_V4_361_688_includelonghmm	66	5	328	0	100.00%	100%
16S_rRNA::Ruminococcus-bromii-ATCC-27255_Node_22:189-1716(-)_V3_V4_385_712_includelonghmm	67	2	328	1	100	100%
16S_rRNA::Ruminococcus-bromii-ATCC-27255_Node_49:3751-5278(-)_V3_V4_385_712_includelonghmm	67	2	328	0	100.00%	100%
16S_rRNA::Slackia-heliotrinireducens-DSM-20476_Node_0:971125-972635(+)_V3_V4_366_693_includelonghmm	68	2	328	1	100	100%
16S_rRNA::Slackia-heliotrinireducens-DSM-20476_Node_0:190035-191545(+)_V3_V4_366_693_includelonghmm	68	2	328	0	99.39%	100%
16S_rRNA::Subdoligranulum-variabile-DSM-15176-MAF-2_Node_0:2716614-2718141(+)_V3_V4_387_714_includelonghmm	69	4	328	1	100	100%
16S_rRNA::Subdoligranulum-variabile-DSM-15176-MAF-2_Node_0:62612-64139(-)_V3_V4_387_714_includelonghmm	69	4	328	0	100.00%	100%
16S_rRNA::Subdoligranulum-variabile-DSM-15176-MAF-2_Node_0:1581653-1583180(+)_V3_V4_387_714_includelonghmm	69	4	328	0	100.00%	100%
16S_rRNA::Subdoligranulum-variabile-DSM-15176-MAF-2_Node_0:1187042-1188569(-)_V3_V4_387_714_includelonghmm	69	4	328	0	100.00%	100%
16S_rRNA::Anaerofustis-stercorihominis-DSM-17244_Node_0:970301-971818(+)_V3_V4_383_709_includelonghmm	70	2	327	1	100	100%
16S_rRNA::Anaerofustis-stercorihominis-DSM-17244_Node_4:23025-24542(+)_V3_V4_383_709_includelonghmm	70	2	327	0	100.00%	100%
16S_rRNA::Bacteroides-pectinophilus-ATCC-43243-MAF-2_Node_0:2578338-2579869(-)_V3_V4_384_710_includelonghmm	71	4	327	1	100	100%
16S_rRNA::Bacteroides-pectinophilus-ATCC-43243-MAF-2_Node_0:11845-13376(+)_V3_V4_384_710_includelonghmm	71	4	327	0	100.00%	100%
16S_rRNA::Bacteroides-pectinophilus-ATCC-43243-MAF-2_Node_0:1686959-1688490(-)_V3_V4_384_710_includelonghmm	71	4	327	0	100.00%	100%
16S_rRNA::Bacteroides-pectinophilus-ATCC-43243-MAF-2_Node_0:2764471-2766000(-)_V3_V4_384_710_includelonghmm	71	4	327	0	100.00%	100%
16S_rRNA::Blautia-hansenii-DSM-20583-MAF-2_Node_0:14540-16068(+)_V3_V4_383_709_includelonghmm	72	5	327	1	100	100%
16S_rRNA::Blautia-hansenii-DSM-20583-MAF-2_Node_0:130449-131977(+)_V3_V4_383_709_includelonghmm	72	5	327	0	100.00%	100%
16S_rRNA::Blautia-hansenii-DSM-20583-MAF-2_Node_0:757863-759391(+)_V3_V4_383_709_includelonghmm	72	5	327	0	100.00%	100%
16S_rRNA::Blautia-hansenii-DSM-20583-MAF-2_Node_0:2313938-2315466(-)_V3_V4_383_709_includelonghmm	72	5	327	0	100.00%	100%
16S_rRNA::Blautia-hansenii-DSM-20583-MAF-2_Node_0:2786212-2787740(-)_V3_V4_383_709_includelonghmm	72	5	327	0	100.00%	100%
16S_rRNA::Blautia-hydrogenotrophica-DSM-10507-MAF-2_Node_0:3044909-3046439(-)_V3_V4_384_710_includelonghmm	73	4	327	1	100	100%
16S_rRNA::Blautia-hydrogenotrophica-DSM-10507-MAF-2_Node_0:32448-33978(+)_V3_V4_384_710_includelonghmm	73	4	327	0	100.00%	100%
16S_rRNA::Blautia-hydrogenotrophica-DSM-10507-MAF-2_Node_0:705006-706536(+)_V3_V4_384_710_includelonghmm	73	4	327	0	100.00%	100%
16S_rRNA::Blautia-hydrogenotrophica-DSM-10507-MAF-2_Node_0:1181234-1182764(+)_V3_V4_384_710_includelonghmm	73	4	327	0	100.00%	100%
16S_rRNA::Blautia-sp-KLE-1732-HM-1032-MAF-2_Node_0:1422381-1423908(+)_V3_V4_382_708_includelonghmm	74	7	327	1	100	100%
16S_rRNA::Blautia-sp-KLE-1732-HM-1032-MAF-2_Node_0:2973136-2974663(-)_V3_V4_382_708_includelonghmm	74	7	327	0	100.00%	100%
16S_rRNA::Blautia-sp-KLE-1732-HM-1032-MAF-2_Node_0:209551-211078(+)_V3_V4_382_708_includelonghmm	74	7	327	0	100.00%	100%
16S_rRNA::Blautia-sp-KLE-1732-HM-1032-MAF-2_Node_0:715862-717389(+)_V3_V4_382_708_includelonghmm	74	7	327	0	100.00%	100%
16S_rRNA::Blautia-sp-KLE-1732-HM-1032-MAF-2_Node_0:1186599-1188126(+)_V3_V4_382_708_includelonghmm	74	7	327	0	100.00%	100%
16S_rRNA::Blautia-sp-KLE-1732-HM-1032-MAF-2_Node_0:91190-92717(+)_V3_V4_382_708_includelonghmm	74	7	327	0	100.00%	100%
16S_rRNA::Blautia-sp-KLE-1732-HM-1032-MAF-2_Node_0:1496465-1497991(+)_V3_V4_382_707_includelonghmm	74	7	326	0	100.00%	99%
16S_rRNA::Blautia-wexlerae-DSM-19850-MAF-2_Node_0:380788-382316(+)_V3_V4_382_708_includelonghmm	75	7	327	1	100	100%
16S_rRNA::Blautia-wexlerae-DSM-19850-MAF-2_Node_0:1310107-1311633(+)_V3_V4_381_707_includelonghmm	75	7	327	0	100.00%	100%
16S_rRNA::Blautia-wexlerae-DSM-19850-MAF-2_Node_0:781432-782958(+)_V3_V4_381_707_includelonghmm	75	7	327	0	100.00%	100%
16S_rRNA::Blautia-wexlerae-DSM-19850-MAF-2_Node_0:30764-32291(+)_V3_V4_382_708_includelonghmm	75	7	327	0	100.00%	100%
16S_rRNA::Blautia-wexlerae-DSM-19850-MAF-2_Node_0:183328-184855(+)_V3_V4_382_708_includelonghmm	75	7	327	0	100.00%	100%
16S_rRNA::Blautia-wexlerae-DSM-19850-MAF-2_Node_0:4618283-4619809(-)_V3_V4_381_707_includelonghmm	75	7	327	0	100.00%	100%
16S_rRNA::Blautia-wexlerae-DSM-19850-MAF-2_Node_0:986986-988514(+)_V3_V4_382_708_includelonghmm	75	7	327	0	100.00%	100%
16S_rRNA::Bryantella-formatexigens-DSM-14469-MAF-2_Node_0:3623739-3625268(+)_V3_V4_384_710_includelonghmm	76	3	327	1	100	100%
16S_rRNA::Bryantella-formatexigens-DSM-14469-MAF-2_Node_0:1596243-1597772(-)_V3_V4_384_710_includelonghmm	76	3	327	0	100.00%	100%
16S_rRNA::Bryantella-formatexigens-DSM-14469-MAF-2_Node_0:2022629-2024158(-)_V3_V4_384_710_includelonghmm	76	3	327	0	100.00%	100%
16S_rRNA::Butyrivibrio-crossotus-DSM-2876-MAF-2_Node_0:2091574-2093094(-)_V3_V4_375_701_includelonghmm	77	4	327	1	100	100%
16S_rRNA::Butyrivibrio-crossotus-DSM-2876-MAF-2_Node_0:1376395-1377915(-)_V3_V4_375_701_includelonghmm	77	4	327	0	100.00%	100%
16S_rRNA::Butyrivibrio-crossotus-DSM-2876-MAF-2_Node_0:1781360-1782880(-)_V3_V4_375_701_includelonghmm	77	4	327	0	100.00%	100%
16S_rRNA::Butyrivibrio-crossotus-DSM-2876-MAF-2_Node_0:10601-12121(+)_V3_V4_375_701_includelonghmm	77	4	327	0	100.00%	100%
16S_rRNA::Clostridiales-bacterium-VE202-14_Node_5:11-1539(+)_V3_V4_382_708_includelonghmm	78	1	327	1	100	100%
16S_rRNA::Clostridiales-bacterium-VE202-27-MAF-1_Node_91:45-1572(-)_V3_V4_380_706_includelonghmm	79	1	327	1	100	100%
16S_rRNA::Clostridium-asparagiforme-DSM-15981-MAF-2_Node_0:6075158-6076685(-)_V3_V4_383_709_includelonghmm	80	4	327	1	100	100%
16S_rRNA::Clostridium-asparagiforme-DSM-15981-MAF-2_Node_0:6321281-6322808(-)_V3_V4_383_709_includelonghmm	80	4	327	0	100.00%	100%
16S_rRNA::Clostridium-asparagiforme-DSM-15981-MAF-2_Node_0:5366299-5367826(-)_V3_V4_383_709_includelonghmm	80	4	327	0	100.00%	100%
16S_rRNA::Clostridium-asparagiforme-DSM-15981-MAF-2_Node_0:4209900-4211429(-)_V3_V4_383_709_includelonghmm	80	4	327	0	100.00%	100%
16S_rRNA::Clostridium-hathewayi-DSM-13479-MAF-NJ35_Node_0:16961-18489(+)_V3_V4_382_708_includelonghmm	81	5	327	1	100	100%
16S_rRNA::Clostridium-hathewayi-DSM-13479-MAF-NJ35_Node_0:5488431-5489959(-)_V3_V4_382_708_includelonghmm	81	5	327	0	100.00%	100%
16S_rRNA::Clostridium-hathewayi-DSM-13479-MAF-NJ35_Node_0:1004055-1005583(+)_V3_V4_382_708_includelonghmm	81	5	327	0	100.00%	100%
16S_rRNA::Clostridium-hathewayi-DSM-13479-MAF-NJ35_Node_0:388642-390170(+)_V3_V4_382_708_includelonghmm	81	5	327	0	100.00%	100%
16S_rRNA::Clostridium-hathewayi-DSM-13479-MAF-NJ35_Node_0:2937350-2938878(+)_V3_V4_382_708_includelonghmm	81	5	327	0	100.00%	100%
16S_rRNA::Clostridium-leptum-DSM-753_Node_3:318845-320393(+)_V3_V4_406_732_includelonghmm	82	2	327	1	100	100%
16S_rRNA::Clostridium-leptum-DSM-753_Node_5:176999-178547(+)_V3_V4_406_732_includelonghmm	82	2	327	0	100.00%	100%
16S_rRNA::Clostridium-methylpentosum-DSM-5476_Node_13:3511-5036(-)_V3_V4_385_711_includelonghmm	83	1	327	1	100	100%
16S_rRNA::Clostridium-nexile-DSM-1787-MAF-2_Node_0:842641-844169(+)_V3_V4_383_709_includelonghmm	84	5	327	1	100	100%
16S_rRNA::Clostridium-nexile-DSM-1787-MAF-2_Node_0:37136-38664(+)_V3_V4_383_709_includelonghmm	84	5	327	0	100.00%	100%
16S_rRNA::Clostridium-nexile-DSM-1787-MAF-2_Node_0:156285-157813(+)_V3_V4_383_709_includelonghmm	84	5	327	0	100.00%	100%
16S_rRNA::Clostridium-nexile-DSM-1787-MAF-2_Node_0:983099-984626(+)_V3_V4_382_708_includelonghmm	84	5	327	0	100.00%	100%
16S_rRNA::Clostridium-nexile-DSM-1787-MAF-2_Node_0:831015-832541(+)_V3_V4_382_708_includelonghmm	84	5	327	0	100.00%	100%
16S_rRNA::Clostridium-saccharolyticum-WM1_Node_0:3681369-3682897(-)_V3_V4_383_709_includelonghmm	85	6	327	1	100	100%
16S_rRNA::Clostridium-saccharolyticum-WM1_Node_0:18562-20090(+)_V3_V4_383_709_includelonghmm	85	6	327	0	100.00%	100%
16S_rRNA::Clostridium-saccharolyticum-WM1_Node_0:704320-705848(+)_V3_V4_383_709_includelonghmm	85	6	327	0	100.00%	100%
16S_rRNA::Clostridium-saccharolyticum-WM1_Node_0:795036-796564(+)_V3_V4_383_709_includelonghmm	85	6	327	0	100.00%	100%
16S_rRNA::Clostridium-saccharolyticum-WM1_Node_0:397544-399072(+)_V3_V4_383_709_includelonghmm	85	6	327	0	100.00%	100%
16S_rRNA::Clostridium-saccharolyticum-WM1_Node_0:196656-198184(+)_V3_V4_383_709_includelonghmm	85	6	327	0	100.00%	100%
16S_rRNA::Clostridium-scindens-ATCC-35704-MAF-2_Node_0:124385-125917(+)_V3_V4_385_711_includelonghmm	86	4	327	1	100	100%
16S_rRNA::Clostridium-scindens-ATCC-35704-MAF-2_Node_0:1000575-1002107(+)_V3_V4_385_711_includelonghmm	86	4	327	0	100.00%	100%
16S_rRNA::Clostridium-scindens-ATCC-35704-MAF-2_Node_0:2881353-2882885(-)_V3_V4_385_711_includelonghmm	86	4	327	0	100.00%	100%
16S_rRNA::Clostridium-scindens-ATCC-35704-MAF-2_Node_0:18135-19666(+)_V3_V4_385_711_includelonghmm	86	4	327	0	100.00%	100%
16S_rRNA::Clostridium-sp-ATCC-29733-VPI-C48-50-MAF-1_Node_23:274-1799(+)_V3_V4_387_713_includelonghmm	87	1	327	1	100	100%
16S_rRNA::Clostridium-sp-L2-50-MAF-1_Node_1:408815-410332(+)_V3_V4_373_699_includelonghmm	88	1	327	1	100	100%
16S_rRNA::Clostridium-sp-M62-1-MAF-2_Node_0:342620-344147(+)_V3_V4_382_708_includelonghmm	89	5	327	1	100	100%
16S_rRNA::Clostridium-sp-M62-1-MAF-2_Node_0:3556551-3558078(-)_V3_V4_382_708_includelonghmm	89	5	327	0	100.00%	100%
16S_rRNA::Clostridium-sp-M62-1-MAF-2_Node_0:3237587-3239114(-)_V3_V4_382_708_includelonghmm	89	5	327	0	100.00%	100%
16S_rRNA::Clostridium-sp-M62-1-MAF-2_Node_0:3251346-3252873(-)_V3_V4_382_708_includelonghmm	89	5	327	0	100.00%	100%
16S_rRNA::Clostridium-sp-M62-1-MAF-2_Node_0:11427-12954(+)_V3_V4_382_708_includelonghmm	89	5	327	0	100.00%	100%
16S_rRNA::Clostridium-sporogenes-ATCC-15579-MAF-1_Node_0:35160-36669(+)_V3_V4_366_692_includelonghmm	90	7	327	1	100	100%
16S_rRNA::Clostridium-sporogenes-ATCC-15579-MAF-1_Node_2:439339-440848(-)_V3_V4_366_692_includelonghmm	90	7	327	0	100.00%	100%
16S_rRNA::Clostridium-sporogenes-ATCC-15579-MAF-1_Node_2:593772-595281(+)_V3_V4_366_692_includelonghmm	90	7	327	0	99.69%	100%
16S_rRNA::Clostridium-sporogenes-ATCC-15579-MAF-1_Node_0:1543-3052(+)_V3_V4_366_692_includelonghmm	90	7	327	0	100.00%	100%
16S_rRNA::Clostridium-sporogenes-ATCC-15579-MAF-1_Node_2:587804-589313(+)_V3_V4_366_692_includelonghmm	90	7	327	0	100.00%	100%
16S_rRNA::Clostridium-sporogenes-ATCC-15579-MAF-1_Node_2:600464-601973(+)_V3_V4_366_692_includelonghmm	90	7	327	0	100.00%	100%
16S_rRNA::Clostridium-sporogenes-ATCC-15579-MAF-1_Node_2:608374-609883(+)_V3_V4_366_692_includelonghmm	90	7	327	0	100.00%	100%
16S_rRNA::Collinsella-stercoris-DSM-13279-MAF-2_Node_0:180278-181779(-)_V3_V4_362_688_includelonghmm	91	3	327	1	100	100%
16S_rRNA::Collinsella-stercoris-DSM-13279-MAF-2_Node_0:672110-673611(-)_V3_V4_362_688_includelonghmm	91	3	327	0	100.00%	100%
16S_rRNA::Collinsella-stercoris-DSM-13279-MAF-2_Node_0:678593-680094(-)_V3_V4_362_688_includelonghmm	91	3	327	0	100.00%	100%
16S_rRNA::Coprococcus-comes-ATCC-27758-MAF-2_Node_0:2453586-2455114(-)_V3_V4_383_709_includelonghmm	92	6	327	1	100	100%
16S_rRNA::Coprococcus-comes-ATCC-27758-MAF-2_Node_0:2404900-2406428(-)_V3_V4_383_709_includelonghmm	92	6	327	0	100.00%	100%
16S_rRNA::Coprococcus-comes-ATCC-27758-MAF-2_Node_0:3172112-3173640(-)_V3_V4_383_709_includelonghmm	92	6	327	0	100.00%	100%
16S_rRNA::Coprococcus-comes-ATCC-27758-MAF-2_Node_0:723518-725046(+)_V3_V4_383_709_includelonghmm	92	6	327	0	100.00%	100%
16S_rRNA::Coprococcus-comes-ATCC-27758-MAF-2_Node_0:2768707-2770235(-)_V3_V4_383_709_includelonghmm	92	6	327	0	100.00%	100%
16S_rRNA::Coprococcus-comes-ATCC-27758-MAF-2_Node_0:13959-15487(+)_V3_V4_383_709_includelonghmm	92	6	327	0	100.00%	100%
16S_rRNA::Coprococcus-eutactus-ATCC-27759-MAF-2_Node_0:787099-788615(+)_V3_V4_372_698_includelonghmm	93	5	327	1	100	100%
16S_rRNA::Coprococcus-eutactus-ATCC-27759-MAF-2_Node_0:1941958-1943474(-)_V3_V4_372_698_includelonghmm	93	5	327	0	100.00%	100%
16S_rRNA::Coprococcus-eutactus-ATCC-27759-MAF-2_Node_0:2019487-2021003(-)_V3_V4_372_698_includelonghmm	93	5	327	0	100.00%	100%
16S_rRNA::Coprococcus-eutactus-ATCC-27759-MAF-2_Node_0:2274629-2276145(-)_V3_V4_372_698_includelonghmm	93	5	327	0	100.00%	100%
16S_rRNA::Coprococcus-eutactus-ATCC-27759-MAF-2_Node_0:2741056-2742572(-)_V3_V4_372_698_includelonghmm	93	5	327	0	100.00%	100%
16S_rRNA::Dorea-formicigenerans-ATCC-27755-MAF-2_Node_0:774396-775923(+)_V3_V4_382_708_includelonghmm	94	6	327	1	100	100%
16S_rRNA::Dorea-formicigenerans-ATCC-27755-MAF-2_Node_0:2906479-2908006(-)_V3_V4_382_708_includelonghmm	94	6	327	0	100.00%	100%
16S_rRNA::Dorea-formicigenerans-ATCC-27755-MAF-2_Node_0:2450523-2452050(-)_V3_V4_382_708_includelonghmm	94	6	327	0	100.00%	100%
16S_rRNA::Dorea-formicigenerans-ATCC-27755-MAF-2_Node_0:25059-26586(+)_V3_V4_382_708_includelonghmm	94	6	327	0	100.00%	100%
16S_rRNA::Dorea-formicigenerans-ATCC-27755-MAF-2_Node_0:480985-482512(+)_V3_V4_382_708_includelonghmm	94	6	327	0	100.00%	100%
16S_rRNA::Dorea-formicigenerans-ATCC-27755-MAF-2_Node_0:877924-879451(+)_V3_V4_382_708_includelonghmm	94	6	327	0	100.00%	100%
16S_rRNA::Dorea-longicatena-DSM-13814-MAF-2_Node_0:110685-112214(+)_V3_V4_383_709_includelonghmm	95	6	327	1	100	100%
16S_rRNA::Dorea-longicatena-DSM-13814-MAF-2_Node_0:552906-554435(+)_V3_V4_383_709_includelonghmm	95	6	327	0	100.00%	100%
16S_rRNA::Dorea-longicatena-DSM-13814-MAF-2_Node_0:12264-13793(+)_V3_V4_383_709_includelonghmm	95	6	327	0	100.00%	100%
16S_rRNA::Dorea-longicatena-DSM-13814-MAF-2_Node_0:1061055-1062584(+)_V3_V4_383_709_includelonghmm	95	6	327	0	100.00%	100%
16S_rRNA::Dorea-longicatena-DSM-13814-MAF-2_Node_0:1996466-1997995(-)_V3_V4_383_709_includelonghmm	95	6	327	0	100.00%	100%
16S_rRNA::Dorea-longicatena-DSM-13814-MAF-2_Node_0:2636697-2638226(-)_V3_V4_383_709_includelonghmm	95	6	327	0	100.00%	100%
16S_rRNA::Eggerthella-lenta-DSM-2243_Node_0:749851-751357(+)_V3_V4_366_692_includelonghmm	96	3	327	1	100	100%
16S_rRNA::Eggerthella-lenta-DSM-2243_Node_0:2419642-2421148(-)_V3_V4_366_692_includelonghmm	96	3	327	0	100.00%	100%
16S_rRNA::Eggerthella-lenta-DSM-2243_Node_0:3272232-3273738(-)_V3_V4_366_692_includelonghmm	96	3	327	0	100.00%	100%
16S_rRNA::Eubacterium-eligens-ATCC-27750-MAF-2_Node_0:1658786-1660315(+)_V3_V4_386_712_includelonghmm	97	5	327	1	100	100%
16S_rRNA::Eubacterium-eligens-ATCC-27750-MAF-2_Node_0:847025-848554(-)_V3_V4_386_712_includelonghmm	97	5	327	0	100.00%	100%
16S_rRNA::Eubacterium-eligens-ATCC-27750-MAF-2_Node_0:672211-673740(-)_V3_V4_386_712_includelonghmm	97	5	327	0	100.00%	100%
16S_rRNA::Eubacterium-eligens-ATCC-27750-MAF-2_Node_0:1131308-1132837(-)_V3_V4_386_712_includelonghmm	97	5	327	0	100.00%	100%
16S_rRNA::Eubacterium-eligens-ATCC-27750-MAF-2_Node_0:1528899-1530428(-)_V3_V4_386_712_includelonghmm	97	5	327	0	100.00%	100%
16S_rRNA::Eubacterium-hallii-DSM-3353_Node_59:5-1429(+)_V3_V4_278_604_includelonghmm	98	1	327	1	100	100%
16S_rRNA::Eubacterium-rectale-ATCC-33656_Node_0:10910-12439(+)_V3_V4_384_710_includelonghmm	99	5	327	1	100	100%
16S_rRNA::Eubacterium-rectale-ATCC-33656_Node_0:1425073-1426602(+)_V3_V4_384_710_includelonghmm	99	5	327	0	100.00%	100%
16S_rRNA::Eubacterium-rectale-ATCC-33656_Node_0:2162765-2164294(-)_V3_V4_384_710_includelonghmm	99	5	327	0	100.00%	100%
16S_rRNA::Eubacterium-rectale-ATCC-33656_Node_0:307097-308626(+)_V3_V4_384_710_includelonghmm	99	5	327	0	100.00%	100%
16S_rRNA::Eubacterium-rectale-ATCC-33656_Node_0:763001-764530(+)_V3_V4_384_710_includelonghmm	99	5	327	0	100.00%	100%
16S_rRNA::Eubacterium-siraeum-DSM-15702-MAF-2_Node_0:22536-24041(+)_V3_V4_366_692_includelonghmm	100	3	327	1	100	100%
16S_rRNA::Eubacterium-siraeum-DSM-15702-MAF-2_Node_0:2487276-2488781(-)_V3_V4_366_692_includelonghmm	100	3	327	0	100.00%	100%
16S_rRNA::Eubacterium-siraeum-DSM-15702-MAF-2_Node_0:1918106-1919611(-)_V3_V4_366_692_includelonghmm	100	3	327	0	100.00%	100%
16S_rRNA::Eubacterium-ventriosum-ATCC-27560-MAF-2_Node_0:188021-189552(-)_V3_V4_385_711_includelonghmm	101	4	327	1	100	100%
16S_rRNA::Eubacterium-ventriosum-ATCC-27560-MAF-2_Node_0:504676-506207(-)_V3_V4_385_711_includelonghmm	101	4	327	0	100.00%	100%
16S_rRNA::Eubacterium-ventriosum-ATCC-27560-MAF-2_Node_0:2721747-2723278(-)_V3_V4_385_711_includelonghmm	101	4	327	0	100.00%	100%
16S_rRNA::Eubacterium-ventriosum-ATCC-27560-MAF-2_Node_0:2729123-2730654(-)_V3_V4_385_711_includelonghmm	101	4	327	0	100.00%	100%
16S_rRNA::Faecalibacterium-prausnitzii-A2-165_Node_19:616223-617732(-)_V3_V4_371_697_includelonghmm	102	1	327	1	100	100%
16S_rRNA::Ruminococcus-albus-strain-8-MAF-1_Node_43:20-1446(+)_V3_V4_286_612_includelonghmm	103	1	327	1	100	100%
16S_rRNA::Ruminococcus-gauvreauii-DSM-19829-MAF-2_Node_0:1032665-1034196(-)_V3_V4_385_711_includelonghmm	104	5	327	1	100	100%
16S_rRNA::Ruminococcus-gauvreauii-DSM-19829-MAF-2_Node_0:3232935-3234466(+)_V3_V4_385_711_includelonghmm	104	5	327	0	100.00%	100%
16S_rRNA::Ruminococcus-gauvreauii-DSM-19829-MAF-2_Node_0:3262573-3264104(+)_V3_V4_385_711_includelonghmm	104	5	327	0	100.00%	100%
16S_rRNA::Ruminococcus-gauvreauii-DSM-19829-MAF-2_Node_0:1904067-1905598(+)_V3_V4_385_711_includelonghmm	104	5	327	0	100.00%	100%
16S_rRNA::Ruminococcus-gauvreauii-DSM-19829-MAF-2_Node_0:2561455-2562986(+)_V3_V4_385_711_includelonghmm	104	5	327	0	100.00%	100%
16S_rRNA::Ruminococcus-gnavus-ATCC-29149-MAF-NJ26_Node_0:446594-448122(+)_V3_V4_383_709_includelonghmm	105	5	327	1	100	100%
16S_rRNA::Ruminococcus-gnavus-ATCC-29149-MAF-NJ26_Node_0:16524-18052(+)_V3_V4_383_709_includelonghmm	105	5	327	0	100.00%	100%
16S_rRNA::Ruminococcus-gnavus-ATCC-29149-MAF-NJ26_Node_0:195019-196547(+)_V3_V4_383_709_includelonghmm	105	5	327	0	100.00%	100%
16S_rRNA::Ruminococcus-gnavus-ATCC-29149-MAF-NJ26_Node_0:691823-693351(+)_V3_V4_383_709_includelonghmm	105	5	327	0	100.00%	100%
16S_rRNA::Ruminococcus-gnavus-ATCC-29149-MAF-NJ26_Node_0:3140112-3141640(-)_V3_V4_383_709_includelonghmm	105	5	327	0	100.00%	100%
16S_rRNA::Ruminococcus-lactaris-ATCC-29176-MAF-2_Node_0:370272-371802(+)_V3_V4_385_711_includelonghmm	106	5	327	1	100	100%
16S_rRNA::Ruminococcus-lactaris-ATCC-29176-MAF-2_Node_0:2629971-2631499(-)_V3_V4_383_709_includelonghmm	106	5	327	0	100.00%	100%
16S_rRNA::Ruminococcus-lactaris-ATCC-29176-MAF-2_Node_0:726642-728169(+)_V3_V4_382_708_includelonghmm	106	5	327	0	100.00%	100%
16S_rRNA::Ruminococcus-lactaris-ATCC-29176-MAF-2_Node_0:590014-591542(+)_V3_V4_383_709_includelonghmm	106	5	327	0	100.00%	100%
16S_rRNA::Ruminococcus-lactaris-ATCC-29176-MAF-2_Node_0:1833183-1834711(-)_V3_V4_383_709_includelonghmm	106	5	327	0	100.00%	100%
16S_rRNA::Ruminococcus-obeum-ATCC-29174-MAF-2_Node_0:870878-872405(+)_V3_V4_382_708_includelonghmm	107	6	327	1	100	100%
16S_rRNA::Ruminococcus-obeum-ATCC-29174-MAF-2_Node_0:1362757-1364284(+)_V3_V4_382_708_includelonghmm	107	6	327	0	100.00%	100%
16S_rRNA::Ruminococcus-obeum-ATCC-29174-MAF-2_Node_0:63386-64913(+)_V3_V4_382_708_includelonghmm	107	6	327	0	100.00%	100%
16S_rRNA::Ruminococcus-obeum-ATCC-29174-MAF-2_Node_0:2452512-2454039(-)_V3_V4_382_708_includelonghmm	107	6	327	0	100.00%	100%
16S_rRNA::Ruminococcus-obeum-ATCC-29174-MAF-2_Node_0:529935-531462(+)_V3_V4_382_708_includelonghmm	107	6	327	0	100.00%	100%
16S_rRNA::Ruminococcus-obeum-ATCC-29174-MAF-2_Node_0:261644-263171(+)_V3_V4_382_708_includelonghmm	107	6	327	0	100.00%	100%
16S_rRNA::Ruminococcus-torques-ATCC-27756-MAF-2_Node_0:696181-697709(+)_V3_V4_383_709_includelonghmm	108	4	327	1	100	100%
16S_rRNA::Ruminococcus-torques-ATCC-27756-MAF-2_Node_0:939532-941060(+)_V3_V4_383_709_includelonghmm	108	4	327	0	100.00%	100%
16S_rRNA::Ruminococcus-torques-ATCC-27756-MAF-2_Node_0:2236731-2238259(-)_V3_V4_383_709_includelonghmm	108	4	327	0	100.00%	100%
16S_rRNA::Ruminococcus-torques-ATCC-27756-MAF-2_Node_0:2589141-2590669(-)_V3_V4_383_709_includelonghmm	108	4	327	0	100.00%	100%
16S_rRNA::Slackia-exigua-ATCC-700122-MAF-1_Node_3:181744-183253(-)_V3_V4_367_693_includelonghmm	109	1	327	1	100	100%
16S_rRNA::Subdoligranulum-sp-4-3-54A2FAA-MAF-1_Node_54:1-1434(-)_V3_V4_387_713_includelonghmm	110	1	327	1	100	100%
16S_rRNA::Adlercreutzia-equolifaciens-DSM-19450_Node_0:1824464-1825968(-)_V3_V4_365_690_includelonghmm	111	2	326	1	100	100%
16S_rRNA::Adlercreutzia-equolifaciens-DSM-19450_Node_0:452093-453597(+)_V3_V4_365_690_includelonghmm	111	2	326	0	100.00%	100%
16S_rRNA::Anaerotruncus-colihominis-DSM-17241-MAF-2_Node_0:3447603-3449124(-)_V3_V4_383_708_includelonghmm	112	3	326	1	100	100%
16S_rRNA::Anaerotruncus-colihominis-DSM-17241-MAF-2_Node_0:3523387-3524908(-)_V3_V4_383_708_includelonghmm	112	3	326	0	100.00%	100%
16S_rRNA::Anaerotruncus-colihominis-DSM-17241-MAF-2_Node_0:2659716-2661237(-)_V3_V4_383_708_includelonghmm	112	3	326	0	100.00%	100%
16S_rRNA::Clostridium-bartlettii-DSM-16795-MAF-2_Node_0:200740-202241(-)_V3_V4_357_682_includelonghmm	113	9	326	1	100	100%
16S_rRNA::Clostridium-bartlettii-DSM-16795-MAF-2_Node_0:339078-340579(+)_V3_V4_357_682_includelonghmm	113	9	326	0	100.00%	100%
16S_rRNA::Clostridium-bartlettii-DSM-16795-MAF-2_Node_0:564071-565572(+)_V3_V4_357_682_includelonghmm	113	9	326	0	100.00%	100%
16S_rRNA::Clostridium-bartlettii-DSM-16795-MAF-2_Node_0:90964-92465(-)_V3_V4_357_682_includelonghmm	113	9	326	0	100.00%	100%
16S_rRNA::Clostridium-bartlettii-DSM-16795-MAF-2_Node_0:185417-186918(-)_V3_V4_357_682_includelonghmm	113	9	326	0	100.00%	100%
16S_rRNA::Clostridium-bartlettii-DSM-16795-MAF-2_Node_0:2549482-2550983(-)_V3_V4_357_682_includelonghmm	113	9	326	0	100.00%	100%
16S_rRNA::Clostridium-bartlettii-DSM-16795-MAF-2_Node_0:345814-347315(+)_V3_V4_357_682_includelonghmm	113	9	326	0	100.00%	100%
16S_rRNA::Clostridium-bartlettii-DSM-16795-MAF-2_Node_0:85822-87323(-)_V3_V4_357_682_includelonghmm	113	9	326	0	100.00%	100%
16S_rRNA::Clostridium-bartlettii-DSM-16795-MAF-2_Node_0:328831-330332(+)_V3_V4_357_682_includelonghmm	113	9	326	0	100.00%	100%
16S_rRNA::Clostridium-bartlettii-DSM-16795-MAF-2_Node_0:2998263-2999745(-)_V3_V4_350_674_includelonghmm	114	1	325	1	100	100%
16S_rRNA::Clostridium-bartlettii-DSM-16795-MAF-2_Node_0:3004052-3005531(-)_V3_V4_355_672_includelonghmm	115	1	318	1	100	100%
